{"count":1,"self":863.42389759999992,"total":3929.6729904,"children":{"InitializeActuators":{"count":16,"self":0.0009969,"total":0.0009969,"children":null},"InitializeSensors":{"count":16,"self":0.0029955,"total":0.0029955,"children":null},"AgentSendState":{"count":1249584,"self":100.2170304,"total":261.08371539999996,"children":{"CollectObservations":{"count":3998672,"self":7.9242799999999995,"total":7.9242801,"children":null},"WriteActionMask":{"count":3998672,"self":3.7215696,"total":3.7215694,"children":null},"RequestDecision":{"count":3998672,"self":20.1554272,"total":149.22083569999998,"children":{"AgentInfo.ToProto":{"count":3998672,"self":13.0972856,"total":129.0654093,"children":{"GenerateSensorData":{"count":3998672,"self":105.4978112,"total":115.9681239,"children":{"RayPerceptionSensor.Perceive":{"count":7997344,"self":10.470312,"total":10.4703117,"children":null}}}}}}}}},"DecideAction":{"count":1249584,"self":2739.6319232,"total":2739.6318888,"children":null},"AgentAct":{"count":1249584,"self":64.3112448,"total":64.311247999999992,"children":null},"AgentInfo.ToProto":{"count":24819,"self":0.19163449999999999,"total":1.2172366,"children":{"GenerateSensorData":{"count":24819,"self":0.9312634,"total":1.0256021,"children":{"RayPerceptionSensor.Perceive":{"count":49638,"self":0.0943387,"total":0.0943387,"children":null}}}}}},"gauges":{"KartAgent.CumulativeReward":{"count":24819,"max":-1.14593565,"min":-300.608673,"runningAverage":-4.939208,"value":-1.15400016,"weightedAverage":-1.15418708}},"metadata":{"timer_format_version":"0.1.0","start_time_seconds":"1648546484","unity_version":"2019.4.34f1","command_line_arguments":"C:\\Program Files\\Unity\\Hub\\Editor\\2019.4.34f1\\Editor\\Unity.exe -projectpath W:\\Untiy\\Projects\\cartoon_karting -useHub -hubIPC -cloudEnvironment production -licensingIpc LicenseClient-Maski -hubSessionId cc008150-af37-11ec-9820-3bb177c6b819","communication_protocol_version":"1.5.0","com.unity.ml-agents_version":"2.0.1","scene_name":"StartScene","end_time_seconds":"1648550414"}}